243.000000,14.291000,2.166570,-43.961030,-5.770759,60.872285,9.182002,-71.612016,-15.025832,139.800097,31.828265,-210.525630,-22.626661,232.383776,21.012442,-65.902350,-82.750916,0.814570,0.887021,0.870310,0.882100,0.864552,0.819473,0.973071,5339.856028,4652.591711,36.599654,1042.944206,974.577784,90.364779,1619033859.689104,0.000000
244.000000,13.987653,-4.799863,-46.754781,23.213366,52.654184,-47.321564,-60.419551,84.297764,90.649249,-124.848023,-49.775194,180.184554,38.622721,-199.976932,19.713189,134.280534,0.804936,0.899400,0.924793,0.858048,0.843327,0.801730,0.943026,4890.216314,4716.054085,36.604309,1097.662925,1034.298173,93.050444,1619033859.689110,0.000000
245.000000,13.710202,-11.774835,-29.886708,51.448125,33.628357,-76.296384,3.519665,147.555683,-68.679387,-115.434743,102.633677,51.017849,-120.261645,30.142473,56.684663,-144.528656,0.989707,0.992403,0.840682,0.972468,0.895546,0.802220,1.032738,4682.096059,4853.730859,36.605353,1010.639209,1087.779069,87.066000,1619033859.704462,0.000000
246.000000,13.480186,-16.625473,-19.955036,64.675577,-16.484014,-74.100838,59.843663,35.982979,-134.192054,63.006392,89.499306,-84.009897,-5.313065,87.322182,-84.327105,-104.002278,0.821666,0.840816,0.870933,0.956191,0.856455,0.850827,0.998084,4698.869702,4756.466711,36.599504,907.810250,995.450337,87.416182,1619033859.704472,0.000000
247.000000,12.959252,-24.407835,-6.313455,59.181125,-42.893053,-17.248299,100.691860,-89.804418,-36.579657,203.418088,-98.871122,-117.731541,109.646303,-108.500510,-32.849285,50.893275,0.898851,0.909583,0.875520,0.825346,0.834952,0.935475,1.009655,5388.253091,4930.987779,36.593457,1018.242829,1057.392766,83.821821,1619033859.720121,0.000000
248.000000,11.500275,-26.015489,9.449842,34.262945,-77.657373,50.331750,35.425192,-119.498595,88.742588,26.957265,-187.058206,234.707835,-29.403360,-111.811164,132.166833,-112.534817,0.807910,0.989020,0.894010,0.861357,0.897825,0.957721,1.016490,4900.369491,5036.505138,36.592776,1039.366147,981.781639,87.586542,1619033859.720127,0.000000
249.000000,10.883977,-29.006711,22.359011,11.217537,-65.755263,78.249184,-33.596234,-56.902121,92.429736,-79.959176,33.014834,60.694923,-281.905272,56.371439,-22.150197,-202.714277,0.829140,0.925631,0.946859,0.874277,0.943198,0.966650,0.940140,4540.224563,4648.000627,36.599312,966.658967,1015.394513,88.839031,1619033859.735012,0.000000
250.000000,9.575863,-27.326917,34.439548,-12.890145,-25.660564,68.726371,-104.490423,44.835895,9.681857,-80.127278,151.878178,-162.533622,34.973430,138.666619,-100.668834,118.574596,0.824995,0.927116,0.987304,0.919815,0.965357,0.840715,1.024183,4953.891102,5168.941306,36.594822,976.746442,910.870746,98.800024,1619033859.735017,0.000000
251.000000,8.350986,-25.502579,39.386320,-47.327939,13.431338,23.756161,-69.983868,83.346616,-156.981029,36.500264,12.958522,-63.642488,272.738080,-188.819550,102.324534,-23.310571,0.972111,0.956306,0.915422,0.893929,0.980360,0.917936,0.933331,5119.712895,4803.198163,36.598550,917.331167,940.218050,93.956277,1619033859.750649,0.000000
252.000000,7.018821,-22.716137,41.568907,-61.835039,41.625405,-22.684416,-8.675661,62.648861,-69.015136,115.405564,-75.722332,95.178853,-43.761100,-29.120748,134.247548,-205.416276,0.959145,0.862164,0.926271,0.849634,0.823691,0.970713,0.970257,4854.852688,5471.636458,36.609193,951.392581,1098.305430,91.113072,1619033859.750654,0.000000
253.000000,5.369098,-18.812502,34.973736,-46.474877,80.918999,-84.120768,73.516118,-57.684325,16.761481,31.502952,-88.813314,120.181112,-189.592241,150.426827,-286.569153,70.310016,0.887901,0.830783,0.999647,0.942162,0.920860,0.918960,0.971183,4957.263268,5112.720408,36.608672,997.064672,925.984015,87.547404,1619033859.766427,0.000000
254.000000,3.376677,-11.166399,29.437405,-50.405538,58.434524,-79.525214,119.015937,-155.452694,122.990510,-99.258225,156.979935,-114.300363,87.131645,-60.279828,22.504827,9.074225,0.911453,0.873640,0.977061,0.972148,0.890448,0.871121,1.058643,4767.647210,4588.368790,36.608734,948.600349,962.775848,90.865199,1619033859.766434,0.000000
255.000000,1.703265,-5.230298,12.993973,-19.232611,31.212664,-34.223312,46.047726,-69.309385,52.785083,-124.884978,127.337772,-122.612679,101.489502,-261.313885,128.754926,-64.754889,0.923323,0.971130,0.945137,0.927717,0.859367,0.811056,0.982744,5316.779271,5000.168716,36.603240,900.058923,1076.492316,98.535482,1619033859.781526,0.000000
0.000000,-0.000000,1.477207,-4.732131,8.702079,-13.415571,14.882463,-31.054206,26.395655,-49.712538,59.422205,-96.591556,65.980951,-142.723537,129.323026,-50.234434,265.143629,0.842820,0.813786,0.905096,0.820128,0.993089,0.827737,0.903570,5113.803714,4879.955775,36.609380,1051.260770,913.634415,92.642869,1619033859.781532,0.000000
1.000000,-1.696006,8.873824,-21.662665,34.544113,-57.691519,89.868868,-88.788917,127.419478,-126.502587,78.886234,-219.224108,102.980039,-179.784739,68.048024,-124.106360,67.023873,0.978474,0.852135,0.919371,0.808077,0.849577,0.853955,0.921248,4648.790947,5397.734223,36.596794,972.990953,1052.936407,91.814287,1619033859.797414,0.000000
2.000000,-3.578516,14.988719,-33.790688,48.786851,-70.188255,90.596659,-74.210620,97.383080,-80.895259,31.472363,11.882975,-51.602490,151.488802,-60.013556,299.026287,-386.758980,0.832933,0.839250,0.824476,0.857860,0.817635,0.876170,1.041917,4602.673078,4811.606412,36.590638,979.255870,901.056523,99.768837,1619033859.797420,0.000000
3.000000,-5.456081,19.834915,-38.846569,65.398658,-52.912057,49.128591,-16.785858,-32.768001,108.208816,-95.582023,139.874722,-133.009953,103.880236,-28.549895,-26.459232,164.157032,0.851130,0.879201,0.979596,0.923733,0.879233,0.935037,1.082573,4877.503070,4835.808253,36.604052,1011.541808,990.299999,80.895177,1619033859.812335,0.000000
4.000000,-6.555628,23.263725,-47.541842,43.686002,-30.803060,-11.141280,74.353410,-142.559469,126.736586,-67.483135,27.819943,33.248886,-180.640335,199.687068,-256.379125,103.928046,0.898460,0.907829,0.935995,0.916490,0.986445,0.964369,0.918703,4618.613782,4678.035865,36.603819,962.705203,939.704794,88.557244,1619033859.812346,0.000000
5.000000,-8.178252,28.522890,-39.821545,26.217358,10.603472,-54.086295,93.834827,-67.544922,25.426700,35.403709,-86.166294,183.596867,-58.766020,-1.474039,78.804992,-184.200432,0.916550,0.883574,0.931332,0.946386,0.817694,0.850133,1.024874,5319.284172,5481.926232,36.599168,957.798700,936.114825,87.455277,1619033859.828336,0.000000
6.000000,-9.958765,28.598627,-28.830933,-1.106389,52.701918,-88.188408,71.909295,7.987284,-130.945020,105.847005,-125.388900,-43.291200,130.245392,-306.811452,103.658420,35.593971,0.935604,0.987779,0.922880,0.951578,0.982920,0.967006,1.028202,5385.956705,4676.938271,36.594524,1090.087563,909.163562,91.198574,1619033859.828342,0.000000
7.000000,-10.493415,25.397964,-14.576731,-22.915329,65.332140,-65.494744,-18.540739,74.237055,-157.341247,24.299672,100.905520,-131.093839,149.998456,71.858820,-291.905502,243.755339,0.932824,0.939084,0.879238,0.876195,0.900341,0.959209,0.998657,5319.445602,4704.877113,36.607196,1006.032041,959.666221,91.595617,1619033859.844315,0.000000
8.000000,-12.244433,22.923878,-0.968377,-52.710437,56.010536,-0.083717,-67.506715,103.153897,1.753314,-125.300443,141.692362,9.566464,-133.979706,270.008114,22.753266,-225.803714,0.912137,0.886639,0.972425,0.863027,0.844388,0.822798,1.020700,4578.385784,5341.986778,36.607635,1043.441861,950.198722,97.509557,1619033859.844322,0.000000
9.000000,-13.117470,19.649976,16.544330,-55.057418,34.294302,47.434255,-88.418656,3.956256,156.808481,-51.303975,-66.764059,209.158398,-54.997548,-149.850789,267.509794,-1.043851,0.970598,0.898738,0.954021,0.941915,0.880736,0.922439,1.092611,4794.638848,4538.054796,36.602120,913.681563,962.140182,92.211957,1619033859.860726,0.000000
10.000000,-13.386612,16.933306,24.943436,-47.283813,-16.409666,106.937355,-36.421127,-109.947796,135.871872,81.818094,-132.955077,10.911051,194.213902,-116.036144,-185.637325,321.999690,0.978543,0.892962,0.992960,0.832458,0.901246,0.963427,0.966664,4674.125654,4996.370104,36.600231,1032.732226,928.986414,81.861747,1619033859.860732,0.000000
11.000000,-14.477357,9.992619,36.938671,-28.420422,-63.642944,52.378476,44.897594,-85.267434,-37.259936,158.721866,-0.263751,-227.300280,39.392950,218.298649,-43.893443,-59.724225,0.903062,0.813182,0.929826,0.812332,0.852582,0.918385,1.030735,5264.888892,5365.300716,36.605407,1081.596014,1066.071412,88.999421,1619033859.876500,0.000000
12.000000,-14.275102,2.350887,45.735952,-5.816345,-78.993427,7.763021,78.072241,-20.972579,-82.895847,33.300869,94.727879,-41.570534,-281.934982,24.290435,94.195358,-37.402668,0.939538,0.851366,0.935171,0.900367,0.992033,0.824655,0.936053,5207.039633,5045.895667,36.608289,1022.918626,907.118217,89.945997,1619033859.876549,0.000000
13.000000,-14.068902,-5.348068,35.151958,19.503792,-50.751208,-42.885171,56.518489,53.316176,-85.422354,-119.350986,86.733071,158.321705,-22.457022,-101.257397,-17.135134,105.376789,0.966275,0.902855,0.904114,0.988729,0.871252,0.941231,1.071101,5333.843241,4505.552496,36.601286,911.161318,1031.298921,90.030495,1619033859.892342,0.000000
14.000000,-13.863522,-11.333890,37.517269,44.123282,-36.024729,-88.678155,-5.254535,117.184979,84.372076,-71.209978,-93.804364,52.949457,196.749999,30.477688,-56.021928,-119.280792,0.852847,0.992403,0.855545,0.823394,0.998335,0.813896,1.092838,4888.611241,5382.517169,36.607644,971.955275,1094.547650,99.592020,1619033859.892351,0.000000
15.000000,-12.808451,-17.594048,19.189381,62.897707,16.324492,-59.454840,-57.245387,20.931332,75.174703,47.051186,-56.407466,-227.034973,8.429338,253.245709,202.983982,-143.779470,0.997128,0.962215,0.974245,0.806874,0.957258,0.809625,0.987246,4797.833996,5014.428245,36.606464,1022.537012,936.202515,89.223825,1619033859.908480,0.000000
16.000000,-13.357465,-24.764189,7.177877,60.792279,45.404780,-18.618728,-79.486662,-76.573014,61.695677,74.464035,85.129702,-42.058764,-242.217671,-39.943025,78.639134,118.901530,0.998388,0.938642,0.933954,0.968300,0.925838,0.916057,0.908802,5275.730560,5052.294625,36.592047,1086.475919,1094.958020,94.301937,1619033859.908520,0.000000
17.000000,-12.452772,-24.430574,-9.703797,38.816398,72.867222,43.525956,-39.634097,-71.442706,-69.626847,13.197958,69.339247,81.611683,16.714689,-231.345988,-156.064515,-128.688506,0.981572,0.965836,0.927340,0.855469,0.947060,0.964105,1.046991,5244.533274,4857.159061,36.591294,1089.050744,1060.010990,93.939201,1619033859.924606,0.000000
18.000000,-10.674677,-30.550747,-22.315208,13.213870,72.917554,56.520559,31.875369,-41.127590,-72.399661,-120.936478,-48.546825,125.041135,66.109147,67.409079,11.587503,-48.631535,0.854240,0.947193,0.816904,0.839226,0.895152,0.907208,1.039182,4662.757702,4699.555499,36.602214,1032.571458,930.572979,98.379412,1619033859.924617,0.000000
19.000000,-9.558073,-30.124215,-34.761802,-12.792045,27.207688,56.299480,78.236228,74.326339,-17.372281,-74.140555,-215.542736,-152.155951,-54.086475,121.670739,79.280175,385.092248,0.802142,0.985616,0.903761,0.877968,0.874242,0.915310,1.009218,4854.522054,4714.699703,36.598702,1042.005257,1045.906564,99.724693,1619033859.940509,0.000000
20.000000,-8.133292,-24.249736,-38.613360,-42.537204,-13.432056,30.016864,79.220653,78.171108,155.888943,33.991586,-10.827634,-154.499976,-88.303098,-259.165845,-133.559632,-44.248825,0.822139,0.883871,0.902731,0.819264,0.954408,0.918070,1.036882,5257.552981,4998.998529,36.607212,1097.457852,980.825506,97.291406,1619033859.940514,0.000000
21.000000,-6.867234,-24.164862,-45.250063,-55.545547,-39.313960,-36.312236,7.760250,77.122557,147.826488,91.714162,131.740641,156.131029,71.984786,-22.056635,-94.148074,-139.450428,0.932833,0.823844,0.936868,0.906516,0.910204,0.914438,0.909153,5203.977965,4997.497508,36.604637,1046.375311,1089.910584,93.612897,1619033859.955741,0.000000
22.000000,-5.009782,-19.724566,-41.525891,-56.936052,-78.911077,-91.949490,-59.405211,-71.697804,-20.183060,19.284478,98.058766,63.102214,208.996292,224.614361,137.754721,243.411858,0.810617,0.925069,0.808956,0.863081,0.886966,0.874740,1.054705,4640.933675,5392.339089,36.596646,932.760437,1082.648601,81.000588,1619033859.955746,0.000000
23.000000,-3.486449,-12.767671,-22.328849,-49.607295,-51.939490,-86.121337,-101.280716,-68.800291,-158.092922,-174.643999,-176.170340,-68.459215,-35.169859,-61.857805,-11.377550,26.693522,0.841391,0.922312,0.879843,0.801220,0.973248,0.844785,0.962656,4710.765851,5350.143147,36.592979,916.286737,913.150136,94.380808,1619033859.971510,0.000000
24.000000,-1.818244,-5.550172,-11.557523,-22.360132,-35.578767,-49.659371,-51.092200,-69.223845,-102.750334,-104.398390,-161.399312,-104.647996,-76.042602,-166.843973,-299.031630,-74.164993,0.872893,0.879916,0.914075,0.811617,0.826271,0.851150,0.964956,5097.745004,5473.044578,36.597655,917.375448,1095.084643,94.878922,1619033859.971516,0.000000
25.000000,0.000000,1.316359,4.612329,7.447091,15.048459,17.446727,39.278103,30.919038,66.650605,85.551643,89.371590,103.703412,165.388990,51.338290,143.533275,195.933992,0.893886,0.901546,0.970671,0.937762,0.961924,0.933559,1.096287,5317.864544,5343.770643,36.596137,969.317594,1006.766640,89.586972,1619033859.986380,0.000000
26.000000,1.818378,8.909539,17.442365,37.280761,62.026122,51.478456,109.363194,77.984469,168.595929,82.040292,214.922181,198.758055,146.152523,70.317312,156.462130,99.901881,0.904611,0.911127,0.822800,0.979606,0.846598,0.875780,1.011215,4914.297507,4503.922598,36.603929,924.396665,1005.563808,93.778799,1619033859.986386,0.000000
27.000000,3.655252,16.026541,27.802467,61.131011,67.447398,88.710730,86.920658,85.165119,40.568799,27.242624,-21.551947,-94.737071,-87.549565,-252.505055,-347.423510,-47.602895,0.925137,0.931480,0.925183,0.940788,0.806994,0.957939,1.017186,4953.239716,4640.444869,36.607493,999.983228,968.769736,95.787814,1619033860.002152,0.000000
28.000000,5.244735,18.796390,43.429952,66.113735,75.309619,63.081673,23.746025,-31.966722,-49.822630,-110.761201,-149.984032,-203.980841,-142.453786,-55.710107,22.168389,99.016766,0.911683,0.981080,0.847750,0.908335,0.985619,0.891165,0.994784,5281.107450,4684.329294,36.608154,1054.526925,925.040610,94.282421,1619033860.002159,0.000000
29.000000,7.084445,25.493815,38.831809,54.368469,27.054869,-11.212590,-58.252058,-93.986007,-122.763081,-91.700106,-35.653966,39.013090,117.807076,70.807043,236.767546,149.365414,0.926869,0.806355,0.885649,0.916339,0.819952,0.932599,0.914994,5293.219084,4777.583150,36.591613,962.260377,1021.531386,92.046790,1619033860.017288,0.000000
30.000000,8.515060,28.654239,36.577129,21.105918,-14.157931,-74.320024,-98.973512,-58.919784,-22.850707,44.982032,176.923068,111.684642,146.602872,-1.371496,-77.390763,-175.109167,0.879723,0.933432,0.849427,0.974290,0.954513,0.921626,1.071744,4908.238647,4879.147865,36.604166,983.110811,1052.707449,84.231734,1619033860.017297,0.000000
31.000000,9.564363,25.601836,32.409164,-1.448636,-61.037474,-109.093492,-78.831110,13.246255,106.888110,147.209080,88.109566,-36.248945,-179.917023,-195.595222,-122.093195,90.591884,0.965730,0.831385,0.995546,0.915445,0.838733,0.896265,0.919235,5224.006817,5463.961091,36.590665,905.393834,1056.590258,90.421600,1619033860.032745,0.000000
32.000000,10.517137,28.925693,14.196317,-26.687934,-66.997390,-60.170801,16.543183,119.912778,163.416091,15.293346,-137.257288,-249.054238,-88.240054,109.470286,91.845852,205.955295,0.841541,0.800080,0.816058,0.955554,0.803108,0.842477,1.096070,4737.391344,4949.547812,36.608593,1043.755293,1071.105397,95.872779,1619033860.032753,0.000000
33.000000,11.710836,22.837376,1.125381,-51.265501,-69.896425,-0.093765,84.486340,94.489033,-3.294737,-150.477308,-199.854896,5.091064,96.173328,203.627104,-20.605037,-260.642941,0.820176,0.899767,0.985039,0.837049,0.802932,0.850782,0.909391,4720.969850,4532.863980,36.592466,922.860030,1081.484162,87.585451,1619033860.048462,0.000000
34.000000,13.146440,18.827052,-16.348986,-53.801156,-29.208374,58.637431,116.336547,3.546701,-111.481088,-92.742423,42.996622,81.414401,58.907198,-67.969859,-263.044383,-0.628505,0.859716,0.953374,0.831716,0.861521,0.949909,0.825707,0.986407,4756.952562,5461.852007,36.601963,954.299883,1000.771066,80.976084,1619033860.048468,0.000000
35.000000,13.381566,14.784910,-28.493117,-51.810127,16.504103,105.743273,34.244181,-125.794501,-87.466072,83.697026,214.643140,18.814514,-223.476164,-124.053667,100.856269,285.506426,0.820991,0.876387,0.925578,0.971982,0.864855,0.886907,0.988362,5227.290023,4707.480422,36.601630,1098.478128,1088.677471,81.586444,1619033860.064242,0.000000
36.000000,14.423842,9.211880,-38.418537,-31.222821,59.525739,75.241080,-61.885287,-113.272971,36.575362,78.921637,0.283428,-253.839624,-76.959770,56.498203,76.395453,-261.470080,0.862834,0.945368,0.910762,0.955815,0.989760,0.885739,1.094681,5061.256184,4613.468905,36.593914,989.052136,1057.987112,80.558565,1619033860.064248,0.000000
37.000000,13.976105,1.960628,-40.087599,-5.663184,57.953625,11.090768,-81.676278,-10.825199,116.152210,23.403620,-162.857024,-25.055747,106.116690,66.027541,-96.960678,-65.102100,0.862946,0.836372,0.976818,0.877853,0.808190,0.979594,1.070472,4840.984694,4670.440045,36.600883,1099.586491,1012.927679,99.459461,1619033860.079499,0.000000
38.000000,13.523330,-5.245882,-39.384520,26.306113,58.653082,-47.109205,-61.369625,93.845590,93.350525,-83.194201,-43.810333,73.584602,44.492374,-155.339668,14.145757,316.056748,0.857072,0.806445,0.845232,0.818372,0.858969,0.916014,0.905830,4986.738662,4851.397922,36.595693,971.279224,920.349488,96.747668,1619033860.079505,0.000000
39.000000,14.261238,-10.698327,-35.460924,48.212574,27.088852,-103.422043,5.198824,71.124166,-73.089423,-75.944627,67.031530,82.339972,-296.452369,37.162688,107.775794,-131.496917,0.829911,0.988037,0.977196,0.853458,0.854035,0.810001,0.950380,4927.869104,5437.007531,36.604811,1093.254810,1038.789941,86.843168,1619033860.095197,0.000000
40.000000,12.855623,-17.855752,-19.653499,51.381821,-16.233222,-60.123762,72.377793,19.957216,-125.769507,47.170108,152.996359,-96.546916,-5.250166,93.229381,-220.041056,-124.857006,0.868913,0.873111,0.933033,0.961848,0.868455,0.836678,0.966754,5172.168801,4809.918411,36.593743,1055.075931,916.323818,88.818747,1619033860.095203,0.000000
41.000000,12.655668,-20.839048,-5.474828,51.691923,-60.327990,-14.965535,89.359677,-58.892181,-25.766264,182.231907,-79.795239,-62.045932,285.236460,-150.852715,-182.440790,334.530510,0.915271,0.976300,0.837953,0.800728,0.935368,0.978003,1.097711,5088.854447,5209.775822,36.599352,1095.695431,934.721951,92.182410,1619033860.110433,0.000000
42.000000,12.423711,-28.262812,9.160896,35.793755,-64.482068,51.837850,51.904489,-119.152905,81.256628,20.085790,-218.219546,92.509084,-7.442874,-53.716946,245.515650,-49.890308,0.903824,0.834048,0.995490,0.849431,0.960896,0.804098,0.911015,5415.200698,5495.921164,36.598100,1012.264730,1080.624479,92.873080,1619033860.110440,0.000000
43.000000,11.239174,-28.464178,23.450212,13.191184,-73.585553,76.031670,-44.242574,-42.325862,146.116763,-106.142520,23.085638,52.196398,-237.989358,157.955399,-5.376441,-186.355969,0.996393,0.816760,0.891509,0.954159,0.958934,0.905179,0.946556,4827.312974,5205.488438,36.599761,982.802885,999.901877,91.981777,1619033860.125760,0.000000
44.000000,9.952733,-25.298502,35.670000,-12.659547,-23.856922,69.113866,-120.272656,70.996605,9.338433,-84.069569,84.134076,-214.570872,29.470015,128.508277,-306.328025,99.456967,0.895694,0.991694,0.829425,0.940492,0.829077,0.992923,1.077366,5257.758283,5379.501296,36.599208,962.503872,1036.923360,90.788865,1619033860.125766,0.000000
45.000000,8.315869,-27.496182,47.522532,-44.641668,16.833161,40.089752,-55.022928,142.493381,-74.847934,59.745354,10.943303,-76.061362,90.203879,-134.466118,55.266507,-15.060268,0.910456,0.879223,0.844577,0.840810,0.812005,0.931500,0.937329,4837.071753,4879.675733,36.598045,988.269345,980.209376,88.067802,1619033860.141299,0.000000
46.000000,6.838153,-23.861674,45.809044,-44.098633,40.725332,-23.292462,-7.312276,42.484020,-119.746044,161.074129,-222.459045,68.813985,-73.807616,-26.200508,84.849061,-150.563694,0.997680,0.926966,0.973188,0.985291,0.951817,0.816378,1.068301,4501.684469,5428.690303,36.607700,906.478708,910.612912,88.842553,1619033860.141305,0.000000
47.000000,5.069362,-16.722231,36.612015,-54.300315,59.822713,-74.264766,58.958817,-37.996673,10.862012,24.986611,-75.552217,64.659031,-72.512401,95.800410,-101.503296,313.556827,0.827658,0.860141,0.923221,0.996251,0.954830,0.954534,1.004236,5028.250218,5103.596079,36.593926,1053.748776,959.611853,87.811536,1619033860.156474,0.000000
48.000000,3.375277,-12.752479,27.254239,-39.566169,67.212302,-62.277851,93.565070,-84.951032,82.549156,-114.909253,98.295388,-165.718862,108.469548,-90.312336,7.003260,30.887670,0.808101,0.920311,0.862655,0.908457,0.920205,0.936043,0.944361,4806.996174,5383.410554,36.595047,1084.380376,1033.346347,89.568029,1619033860.156482,0.000000
49.000000,1.825280,-5.115030,13.140712,-19.711797,32.045961,-45.729965,67.641458,-78.399951,51.850670,-67.529552,59.592501,-127.448987,218.206435,-281.032626,282.036563,-297.673948,0.820255,0.970842,0.943013,0.900722,0.839212,0.982179,1.069813,5437.392522,5272.573829,36.606172,918.828928,913.214521,96.649867,1619033860.171807,0.000000
50.000000,-0.000000,1.450808,-4.485133,9.580463,-16.895468,20.698894,-37.430128,41.305111,-45.659956,49.837828,-91.438996,88.701487,-131.651745,172.459284,-69.574110,131.883529,0.801181,0.907234,0.888638,0.847746,0.915816,0.896056,0.967101,5313.308065,4607.206590,36.604082,1017.488301,987.066221,80.465774,1619033860.171813,0.000000
51.000000,-1.805862,8.106350,-20.263547,28.886208,-47.455594,81.133872,-103.361877,97.754199,-128.880158,117.168754,-92.829529,180.201315,-205.861919,147.316433,-84.017236,76.860643,0.965474,0.959542,0.860905,0.857492,0.999055,0.806731,1.072443,5058.736107,5358.158569,36.592610,925.750250,946.758400,94.722095,1619033860.188008,0.000000
52.000000,-3.564232,14.846672,-33.336921,52.245993,-84.180407,69.550501,-92.345180,99.189913,-77.468975,29.726836,21.298222,-106.826481,68.200594,-202.432033,107.131600,-66.393794,0.899852,0.929272,0.837975,0.956355,0.931261,0.889642,1.099322,5109.366012,4906.450132,36.609621,1007.631343,965.090387,91.169670,1619033860.188064,0.000000
53.000000,-4.948577,19.390917,-35.661394,60.445125,-64.860364,46.129796,-22.685437,-24.417022,70.801044,-182.900884,139.101960,-246.402285,201.621165,-87.462344,-10.727133,37.945800,0.915341,0.997496,0.890421,0.801558,0.812096,0.922620,0.921109,4745.983787,4844.975027,36.598887,949.225141,976.458288,84.420578,1619033860.204211,0.000000
54.000000,-7.058845,23.127152,-42.158205,50.293742,-24.789926,-8.872509,44.652081,-104.102580,179.479015,-130.264034,58.044557,44.180378,-158.011500,105.590091,-273.835859,96.004414,0.994960,0.993138,0.893558,0.871234,0.992272,0.925199,0.985457,5423.451428,4836.018338,36.605117,1034.679740,1019.952308,95.122298,1619033860.204216,0.000000
55.000000,-8.333059,27.537107,-36.640078,23.528975,17.410331,-82.217943,120.531412,-96.800708,16.895294,49.254127,-181.533701,157.894548,-150.244117,-6.328240,81.868850,-366.299349,0.973768,0.816073,0.970186,0.958994,0.953257,0.841857,0.978908,4759.328866,4980.434272,36.591121,1026.962028,929.494308,80.206945,1619033860.219139,0.000000
56.000000,-9.242660,25.470348,-31.971319,-1.128398,60.997170,-97.174295,43.453093,12.212995,-115.179711,108.160100,-110.147795,-18.809600,115.273245,-179.333101,113.303134,36.132526,0.832549,0.931590,0.835432,0.964737,0.915992,0.898118,1.002153,5265.760516,5442.223698,36.594325,1033.233880,972.847548,88.073672,1619033860.219145,0.000000
57.000000,-10.687065,24.913543,-14.676505,-23.625388,84.079237,-66.910229,-18.187650,119.638230,-127.312366,27.434155,96.221031,-71.066930,112.284107,99.779445,-119.097564,100.644883,0.803245,0.968217,0.871278,0.964529,0.893792,0.893914,1.094307,5424.881742,5160.781286,36.596974,994.759536,1048.747001,98.143128,1619033860.234561,0.000000
58.000000,-11.434238,25.023916,-0.950153,-40.862080,69.712034,-0.105287,-87.503137,124.850303,3.204101,-154.834205,67.188811,8.055263,-206.107738,263.333290,21.176833,-298.106499,0.921266,0.920434,0.809237,0.930315,0.812048,0.949897,0.928570,4600.847929,4948.172514,36.608712,1015.594699,1075.562161,94.881657,1619033860.234568,0.000000
59.000000,-12.749092,21.092480,13.245743,-48.978887,32.533915,74.645520,-60.896144,3.307883,100.051690,-116.400246,-64.030820,232.468293,-36.136364,-227.774683,142.141071,-1.389305,0.966945,0.959279,0.918463,0.909578,0.838311,0.952373,0.919015,5255.794741,5073.331832,36.608814,998.090586,921.700813,81.627830,1619033860.250683,0.000000
60.000000,-13.275326,16.915188,27.127595,-59.179586,-14.582419,95.056017,-32.859518,-94.642637,131.789892,57.479996,-169.486373,5.341385,176.542972,-97.804627,-57.788655,288.869363,0.826210,0.806731,0.973412,0.951024,0.919755,0.826821,1.020090,5102.708973,4813.559158,36.596496,1037.006789,939.444193,95.197782,1619033860.250689,0.000000
61.000000,-13.848440,8.334122,33.313267,-36.755869,-50.360775,77.654579,40.575560,-83.884586,-19.601966,206.569823,-0.228449,-74.031696,20.852790,72.283577,-93.848809,-45.956355,0.982953,0.827331,0.906078,0.931841,0.943447,0.864541,0.922806,5333.569573,4792.568800,36.606773,1013.218952,907.470581,98.400949,1619033860.266531,0.000000
62.000000,-13.437479,1.953478,43.420288,-4.973036,-53.692764,10.823465,107.597720,-13.586659,-126.277325,20.043855,114.434245,-39.180592,-90.581001,75.764421,350.319522,-83.411367,0.971277,0.814571,0.927732,0.923139,0.998531,0.900699,1.045626,4901.788578,5046.202177,36.606140,976.197862,1054.962101,95.283846,1619033860.266539,0.000000
63.000000,-13.870394,-5.087532,45.630679,22.983185,-48.422936,-39.029412,69.324561,82.578152,-71.479290,-91.154697,41.466151,125.521687,-35.221036,-277.012455,-16.323275,177.288168,0.987514,0.934548,0.846169,0.943741,0.978645,0.904538,1.022192,5215.864754,5108.911240,36.602917,1036.484071,1003.598098,95.588682,1619033860.282078,0.000000
64.000000,-13.994543,-12.850800,29.693571,53.300930,-27.266959,-69.556906,-4.679854,69.339722,79.343975,-72.901793,-107.012933,83.750951,123.314702,13.053518,-229.833611,-38.677549,0.928413,0.837731,0.872795,0.985804,0.945802,0.893471,0.969544,5343.155680,5096.801285,36.590568,1022.409911,947.990188,84.231145,1619033860.282087,0.000000
65.000000,-13.435992,-18.872165,24.261255,46.526760,15.636267,-60.387633,-100.422509,40.793046,111.204518,31.988354,-76.503584,-110.835708,7.262597,178.528927,155.247098,-190.059308,0.992903,0.944294,0.985783,0.803378,0.839511,0.836008,0.950595,5169.759499,4523.338402,36.591004,952.058076,964.792525,86.084563,1619033860.296482,0.000000
66.000000,-12.835534,-22.577783,7.241734,51.687115,39.350443,-23.543296,-109.319402,-56.836690,48.523447,142.453130,130.707024,-94.521665,-126.122845,-142.782757,63.434492,186.096055,0.825468,0.930352,0.872013,0.832865,0.870820,0.964422,1.021954,5090.674978,5114.839742,36.603732,1039.279652,968.343530,92.988819,1619033860.296490,0.000000
67.000000,-11.670817,-26.883357,-10.428151,43.709989,73.516911,51.288822,-29.668005,-98.895275,-83.214149,33.582594,109.190256,79.519731,17.693275,-173.783600,-204.590437,-112.053100,0.899977,0.904801,0.848356,0.882883,0.848708,0.832679,0.920109,5100.909329,4862.207019,36.606220,985.222442,1006.073077,86.502701,1619033860.312460,0.000000
68.000000,-10.756201,-25.410528,-25.098764,10.571002,71.232405,73.790530,46.296070,-55.138953,-118.598149,-128.856499,-52.027907,116.120839,87.597602,224.235673,13.404805,-71.484122,0.844088,0.821227,0.926805,0.939542,0.801006,0.941185,0.930231,5300.405598,4769.316511,36.605591,1065.960939,1078.801875,98.173140,1619033860.312465,0.000000
69.000000,-9.764763,-29.704110,-35.413875,-13.178844,24.592054,69.234472,115.778856,83.759304,-14.056058,-150.522327,-199.974157,-208.658937,-30.526400,92.005746,297.687116,105.269575,0.822752,0.849007,0.953313,0.951848,0.916812,0.988738,0.952054,5052.686799,5446.781227,36.595903,932.064829,933.711588,81.198478,1619033860.328418,0.000000
70.000000,-8.524945,-27.650442,-41.418450,-40.519155,-12.683967,25.725280,70.484489,101.127282,88.473761,60.295585,-9.063863,-139.086882,-195.482205,-272.918794,-218.964757,-41.741828,0.836819,0.812412,0.822167,0.936956,0.845971,0.852815,1.027979,4912.218537,5407.127320,36.594159,1093.133717,973.142683,97.794151,1619033860.328427,0.000000
71.000000,-7.036724,-25.240108,-37.383824,-55.382533,-46.595390,-28.825179,6.532029,71.586603,102.419811,149.168958,174.056422,79.787087,100.258060,-11.774494,-164.534480,-197.493564,0.925771,0.972113,0.911050,0.820691,0.885046,0.906600,0.907804,4852.938883,5457.124734,36.608328,1013.255448,965.687574,82.158736,1619033860.344424,0.000000
72.000000,-5.008387,-17.638769,-34.306297,-52.434885,-53.760377,-73.295621,-91.110503,-59.666277,-13.063143,32.145087,49.500321,190.515140,264.623653,262.853652,186.381812,110.198929,0.880819,0.840505,0.953276,0.852870,0.993436,0.938533,1.048445,5023.485023,4681.742486,36.599810,933.310087,1021.492565,82.674879,1619033860.344430,0.000000
73.000000,-3.459135,-11.860179,-24.054184,-42.838798,-59.904588,-88.032429,-113.401426,-99.811262,-127.146634,-125.632991,-113.776093,-97.057838,-96.075750,-83.723347,-21.655406,18.651830,0.945541,0.862460,0.937109,0.888110,0.876765,0.868180,1.002970,5123.314426,4648.888984,36.608102,908.464571,995.163458,83.327348,1619033860.360130,0.000000
74.000000,-1.820298,-6.205246,-12.360935,-21.150108,-28.025049,-47.741810,-56.337774,-44.745153,-120.005507,-144.343257,-169.794194,-117.530527,-248.487313,-106.230938,-245.573268,-301.193116,0.859466,0.842545,0.911935,0.812342,0.907670,0.957731,1.009946,4967.167266,4642.372219,36.597054,979.757570,963.788574,83.376704,1619033860.360138,0.000000
75.000000,0.000000,1.500961,4.090569,8.365267,15.116977,14.837369,38.228021,25.687660,42.059291,89.795871,105.440211,105.458891,42.198118,76.314241,132.728199,168.370658,0.969937,0.839713,0.807361,0.897212,0.877971,0.853222,1.067860,4552.771303,5389.590247,36.602770,959.917218,1094.669753,88.894549,1619033860.375807,0.000000
76.000000,1.711729,9.051449,22.347292,32.012933,56.623811,92.118477,96.919078,110.408928,151.888464,86.004215,161.003207,142.009046,156.604825,150.179925,194.039692,57.625538,0.945413,0.971721,0.952090,0.810890,0.908526,0.994125,1.040815,5209.147824,4558.956335,36.600019,1027.847695,971.579226,89.474615,1619033860.375813,0.000000
77.000000,3.648648,15.874971,33.750772,62.070034,76.121777,74.353314,88.116707,88.334843,68.893902,14.343215,-9.438346,-95.873134,-146.945653,-170.466542,-248.280316,-229.946902,0.932995,0.816505,0.979132,0.841669,0.826756,0.801725,1.052562,4559.911851,4562.950786,36.600609,1044.127099,1017.954660,91.304847,1619033860.391836,0.000000
78.000000,5.119393,20.944642,36.158592,49.585400,64.831791,58.550594,18.144719,-30.894901,-85.263143,-153.335776,-93.341160,-154.916675,-181.203442,-86.644634,4.360731,97.272606,0.858107,0.900571,0.820001,0.873434,0.942339,0.947243,0.906940,5424.782999,5419.644973,36.598970,1040.001801,1076.844037,82.641553,1619033860.391843,0.000000
79.000000,7.135828,25.070277,42.011932,48.922117,35.156377,-8.466304,-59.377439,-140.679498,-119.505343,-134.360562,-51.415173,48.353628,149.409807,262.773853,229.599958,97.736521,0.812640,0.948986,0.997539,0.923146,0.896770,0.836753,1.035569,4654.384062,5090.172269,36.595942,984.516799,1072.064980,89.447598,1619033860.407248,0.000000
80.000000,8.510644,27.082810,38.278393,24.682055,-16.710483,-79.236606,-68.013364,-117.460859,-27.116155,46.976374,187.813325,148.613163,99.234726,-2.118738,-34.722594,-291.149317,0.808754,0.952272,0.951458,0.904209,0.900505,0.969630,0.931236,4846.569666,5352.938584,36.609929,1059.227312,938.150376,97.127182,1619033860.407254,0.000000
81.000000,9.967451,27.854503,33.796017,-1.407159,-58.205595,-79.920995,-44.508587,8.918993,105.030276,145.832225,77.581543,-14.700828,-191.940706,-177.565579,-187.307903,37.744464,0.961288,0.984503,0.951880,0.809928,0.812864,0.961616,1.082499,4505.218065,4569.239051,36.595067,1038.560579,944.753430,83.831759,1619033860.422736,0.000000
82.000000,10.611069,25.084446,14.142658,-24.217915,-75.777850,-45.857578,21.275575,79.502603,78.636881,35.874525,-65.904664,-105.149672,-85.528525,60.889012,265.559535,142.943283,0.998049,0.801762,0.855768,0.911955,0.971771,0.881968,1.040142,5340.784569,4995.009136,36.596227,983.362981,990.939877,97.718729,1619033860.422743,0.000000
83.000000,12.002952,23.386559,1.126349,-53.554618,-76.247976,-0.087677,89.888704,114.327291,-3.722930,-101.240664,-117.826797,8.455951,125.819184,233.219630,-15.880874,-311.357759,0.868876,0.838023,0.805344,0.871593,0.974571,0.912307,1.091485,4686.626527,5383.250514,36.595875,991.339948,1007.916195,95.435050,1619033860.438775,0.000000
84.000000,12.958380,22.087992,-14.592333,-59.515338,-32.365868,52.834807,62.424292,3.902029,-135.971916,-100.478682,54.299489,246.191726,69.702769,-231.962544,-132.997595,-0.313346,0.817847,0.992144,0.855090,0.848185,0.981157,0.905325,0.929364,4970.479349,5051.019096,36.594111,1023.660411,1069.770147,92.753376,1619033860.438866,0.000000
85.000000,13.456940,16.543568,-25.810819,-57.812634,13.974293,104.992813,36.004112,-70.564972,-91.408004,88.685518,199.579642,15.821926,-157.073092,-165.071601,89.066737,144.406985,0.859753,0.992855,0.851876,0.959538,0.998563,0.971184,0.971708,5026.970170,5264.765801,36.592522,1098.487524,992.609400,92.662185,1619033860.454134,0.000000
86.000000,13.421123,9.373186,-42.781104,-32.123741,44.448047,64.832147,-66.528104,-77.256150,32.497197,75.478601,0.201054,-128.766299,-26.245241,204.968595,157.455116,-171.885418,0.990880,0.996292,0.972486,0.947931,0.839568,0.901695,1.039836,5433.008511,4523.983699,36.609934,931.194071,1051.308192,90.394246,1619033860.454140,0.000000
87.000000,13.481711,2.255891,-41.685654,-5.065141,54.755560,11.200253,-123.743900,-20.130126,132.012753,36.712384,-123.221235,-28.286886,219.724769,41.509913,-111.290599,-80.489236,0.839174,0.993300,0.979994,0.913699,0.999456,0.862493,0.991719,4691.854126,4713.961715,36.604710,1062.511795,1069.929799,84.385616,1619033860.469991,0.000000
88.000000,13.904761,-5.282204,-40.237900,23.662325,48.834387,-47.152058,-52.408045,81.237554,48.173980,-103.718716,-46.208067,187.596349,37.776198,-334.491287,18.411545,232.464323,0.982139,0.876116,0.811713,0.865290,0.826285,0.884708,1.088481,5447.993767,4514.104125,36.597180,937.663673,987.265837,94.174562,1619033860.470001,0.000000
89.000000,13.663896,-12.768362,-36.429824,39.818320,26.158930,-83.573874,4.385557,126.390410,-83.082936,-92.132497,196.896910,38.369973,-127.501445,47.079680,233.360385,-70.674464,0.886759,0.908175,0.855921,0.843755,0.927287,0.801718,0.911587,4970.018994,4611.350477,36.608913,934.187023,965.277209,99.764331,1619033860.485442,0.000000
90.000000,13.378597,-16.052022,-23.515580,55.447287,-11.404617,-69.809468,102.785524,39.181276,-142.781669,65.348943,83.330805,-152.222879,-3.381865,188.919874,-152.536549,-28.274604,0.858719,0.901141,0.861615,0.910423,0.842388,0.866991,0.911995,4807.256549,5327.323114,36.593631,1043.768713,983.280587,99.219313,1619033860.485449,0.000000
91.000000,12.706181,-21.064414,-5.641330,51.594036,-53.175817,-19.278991,112.497475,-64.117152,-49.861177,93.510706,-101.893550,-63.282020,168.740441,-78.738630,-98.619538,56.867169,0.958488,0.908922,0.974746,0.989951,0.810404,0.990468,0.949834,4523.556152,5199.070091,36.609480,1000.166393,929.459944,85.303127,1619033860.500341,0.000000
92.000000,11.472842,-27.675050,10.871937,42.702084,-62.229588,42.845544,38.398532,-78.911222,87.529440,28.533451,-174.741834,90.897075,-27.479038,-225.141186,133.961832,-63.531311,0.961796,0.935189,0.878533,0.967692,0.976266,0.991951,1.045177,5280.033618,4504.033330,36.590904,1041.901357,939.893244,80.076528,1619033860.500350,0.000000
93.000000,11.084643,-30.267852,24.895637,10.871806,-51.259858,103.695858,-38.531082,-39.761044,96.319052,-98.299253,45.552614,92.901876,-249.928065,236.321248,-23.862175,-60.919952,0.858105,0.843725,0.899767,0.970162,0.805819,0.948564,0.928117,4980.195511,5399.616864,36.600205,947.366635,1048.965510,84.601462,1619033860.515527,0.000000
94.000000,9.877397,-27.714225,33.426796,-15.701215,-33.266887,89.623945,-113.170785,89.285503,10.751042,-140.317766,180.067194,-166.108793,48.366871,35.941747,-273.012906,189.511072,0.943090,0.840674,0.868540,0.889017,0.931441,0.837400,0.949217,4764.262076,4770.563686,36.606679,1099.101067,1060.165752,85.590792,1619033860.515540,0.000000
95.000000,8.013124,-24.671490,41.375273,-39.379428,15.289979,25.856565,-109.073237,94.938360,-94.953935,54.906115,23.785701,-85.978459,149.017576,-272.288005,36.584171,-8.588218,0.899071,0.814421,0.976878,0.982611,0.958116,0.925233,1.083269,5378.073171,5209.029054,36.595566,1069.293866,1052.583891,98.754842,1619033860.530654,0.000000
96.000000,6.729114,-21.771874,39.297424,-62.956693,61.607083,-24.026256,-8.966343,73.989456,-77.384080,80.983415,-118.490841,120.029700,-76.681545,-15.449584,140.941560,-292.705078,0.926803,0.863353,0.988342,0.862244,0.904008,0.837236,0.972644,5407.383228,5050.505753,36.609594,1038.544412,917.677347,81.892658,1619033860.530661,0.000000
97.000000,5.415903,-18.582547,40.397081,-49.096834,55.069517,-87.758870,64.367962,-63.152643,15.587344,22.384506,-93.733181,92.477471,-185.802989,219.419976,-167.686434,229.945820,0.975629,0.830979,0.903603,0.877285,0.882626,0.863789,0.968347,5407.587499,4997.908443,36.591340,901.033245,969.389124,91.547348,1619033860.545913,0.000000
98.000000,3.569148,-12.423011,24.044392,-45.311298,75.040858,-81.166825,98.141717,-73.341629,124.514887,-114.517634,182.665773,-44.010885,31.125856,-41.290891,13.948840,25.023112,0.886585,0.937134,0.816345,0.974276,0.897741,0.835640,1.019940,5460.095254,5204.622261,36.599265,929.980358,999.566092,89.639502,1619033860.545920,0.000000
99.000000,1.816713,-5.157937,10.780771,-20.537200,26.545161,-47.789738,60.299544,-60.165040,110.436146,-133.827990,150.066354,-191.191092,227.114227,-190.537929,84.531220,-138.652119,0.921105,0.890723,0.893683,0.830154,0.994624,0.851742,1.060496,5257.777137,5129.268855,36.597872,1078.048961,922.344523,89.901897,1619033860.561816,0.000000
100.000000,-0.000000,1.414729,-3.975464,8.578045,-14.184251,18.383842,-22.547330,48.535067,-47.542276,48.707762,-87.677892,104.604074,-122.290694,84.778892,-50.041382,110.335768,0.870596,0.813295,0.882011,0.859109,0.960970,0.828570,0.974875,4622.686114,4864.970355,36.590357,1052.695415,914.537771,83.518623,1619033860.561822,0.000000
101.000000,-1.767965,8.324591,-21.918881,36.191661,-61.868249,81.387777,-67.192259,88.815020,-82.490223,168.252605,-174.667456,186.483505,-193.385393,74.019421,-181.767469,42.595632,0.884955,0.905371,0.814948,0.951400,0.933176,0.812183,0.919910,4798.885823,5281.833547,36.595815,1014.244103,958.663383,95.800784,1619033860.576777,0.000000
102.000000,-3.398512,15.453998,-33.664073,43.182347,-64.522936,87.507726,-58.908603,82.683265,-72.782965,37.193342,26.461125,-54.691145,96.626801,-130.918805,347.984063,-291.227304,0.847114,0.868073,0.902226,0.830541,0.800060,0.974956,1.070026,4942.411522,4746.984080,36.606930,1084.495804,1080.420908,89.941395,1619033860.576813,0.000000
103.000000,-5.016312,20.702692,-43.872875,66.992765,-58.176631,47.253860,-21.778801,-24.386175,76.465204,-87.261879,186.403123,-143.464814,125.393526,-73.968797,-22.544781,22.058741,0.958159,0.957247,0.823389,0.809681,0.982351,0.930057,0.969090,5197.092128,4884.815016,36.606071,977.083926,971.632481,91.758800,1619033860.591498,0.000000
104.000000,-7.143196,23.935065,-42.203175,43.933935,-35.635977,-8.740137,72.924983,-103.528037,118.354733,-151.381186,27.010335,42.525321,-221.435982,153.287378,-124.815476,185.904813,0.947660,0.969788,0.997436,0.923804,0.829941,0.951863,1.029200,4815.018459,4908.374702,36.593429,1063.347519,980.175305,97.713200,1619033860.591504,0.000000
105.000000,-8.687649,24.704868,-39.620601,26.096001,12.528932,-80.929072,73.331286,-56.336583,20.331787,50.332012,-163.278591,103.791083,-69.226945,-5.737194,233.593667,-293.917532,0.971391,0.968086,0.940407,0.949211,0.866148,0.883140,0.958628,4872.686241,4936.459465,36.603988,1047.258954,1099.498505,87.164402,1619033860.607802,0.000000
106.000000,-10.099669,27.845144,-29.844398,-1.251290,57.572852,-105.486825,43.076533,8.271336,-76.801972,186.790663,-53.544827,-23.002921,136.722366,-266.778911,64.722638,44.668743,0.807528,0.955520,0.848348,0.998768,0.831153,0.809443,1.078178,4801.113383,5261.650884,36.601672,1019.000243,902.786961,82.928693,1619033860.607809,0.000000
107.000000,-10.751544,24.909161,-17.109536,-23.036260,74.131774,-61.897192,-21.622167,122.972261,-99.497386,18.664828,148.263268,-219.053501,135.071810,24.730638,-179.052644,272.515125,0.881614,0.951292,0.889208,0.987483,0.909314,0.872396,1.009598,5373.344563,4618.968971,36.604481,1044.141842,1078.805656,85.434986,1619033860.622944,0.000000
108.000000,-11.806873,23.914194,-1.184168,-40.398658,46.790003,-0.087357,-106.000642,82.229619,3.778970,-80.843734,66.752492,12.706896,-92.696478,120.743049,13.548153,-113.239101,0.917907,0.987875,0.889346,0.842160,0.805360,0.926872,0.967252,4888.316380,5391.684190,36.600977,1008.469992,919.617700,80.346722,1619033860.622950,0.000000
109.000000,-12.623474,21.164862,16.687163,-45.266592,28.896385,70.861387,-109.909403,3.296259,101.643006,-127.701376,-25.745618,112.578451,-50.127061,-158.175552,335.418430,-1.016646,0.935064,0.994188,0.942673,0.938031,0.865620,0.837727,1.000151,5498.757175,4929.528285,36.592293,1051.450987,918.499314,92.605322,1619033860.638729,0.000000
110.000000,-13.107522,14.381023,25.731345,-40.834881,-16.584777,87.618647,-42.381162,-87.157711,95.416004,64.554287,-127.711329,17.218989,212.432060,-50.752384,-189.104224,80.880481,0.975497,0.811210,0.992227,0.822241,0.816214,0.923410,0.999648,4580.381968,5219.157773,36.607131,1020.046638,1008.309714,91.991775,1619033860.638735,0.000000
111.000000,-13.568047,8.215077,35.364635,-35.121185,-51.567256,63.222991,51.446874,-115.753163,-46.955811,120.637399,-0.383193,-239.101867,22.073492,289.897494,-68.546114,-220.118366,0.926521,0.824304,0.854582,0.989223,0.841374,0.894119,1.048952,4877.538093,4524.667509,36.609594,961.660238,1045.450089,82.673634,1619033860.654299,0.000000
112.000000,-14.148400,2.276022,43.765308,-6.059268,-65.432778,12.440129,112.297965,-14.631176,-150.095468,32.190102,219.131181,-25.730739,-268.529949,24.432218,101.278598,-53.325473,0.815447,0.849628,0.863214,0.891777,0.873205,0.820245,1.066152,5241.968917,4926.037386,36.609691,1063.081678,1021.441885,96.022079,1619033860.654310,0.000000
113.000000,-14.530451,-4.502924,38.725790,18.276470,-47.512085,-44.282962,53.998729,92.054928,-82.246991,-155.792016,88.177123,97.145513,-20.984590,-166.121768,-26.237749,344.601906,0.954434,0.925261,0.910950,0.928638,0.891805,0.876745,0.992772,4587.841271,5411.341094,36.601619,961.126318,1057.992428,93.173617,1619033860.670287,0.000000
114.000000,-14.370066,-12.693539,33.726465,47.466950,-35.362073,-66.504662,-3.651798,77.650552,79.298535,-143.607389,-197.348339,35.949006,67.225805,13.925601,-128.087264,-236.564034,0.966251,0.933364,0.941689,0.860709,0.910371,0.852768,0.936271,5333.001132,5028.032220,36.592887,929.611385,1078.894931,92.184713,1619033860.670295,0.000000
